<?xml version="1.0" encoding="UTF-8"?>
<project-private xmlns="http://www.netbeans.org/ns/project-private/1">
    <editor-bookmarks xmlns="http://www.netbeans.org/ns/editor-bookmarks/2" lastBookmarkId="0"/>
    <open-files xmlns="http://www.netbeans.org/ns/projectui-open-files/2">
        <group>
            <file>file:/C:/Users/Alunos/Documents/fatecvotorantim/03%20-%20Semestre/03%20-%20TPII/MOV_CONTA_CORRENTE/src/View/Menu.java</file>
            <file>file:/C:/Users/Alunos/Documents/fatecvotorantim/03%20-%20Semestre/03%20-%20TPII/MOV_CONTA_CORRENTE/src/View/Cad_Historicos.java</file>
            <file>file:/C:/Users/Alunos/Documents/fatecvotorantim/03%20-%20Semestre/03%20-%20TPII/MOV_CONTA_CORRENTE/src/View/Cad_ContaCorrente.java</file>
            <file>file:/C:/Users/Alunos/Documents/fatecvotorantim/03%20-%20Semestre/03%20-%20TPII/MOV_CONTA_CORRENTE/src/DAO/HISTORICOS.java</file>
            <file>file:/C:/Users/Alunos/Documents/fatecvotorantim/03%20-%20Semestre/03%20-%20TPII/MOV_CONTA_CORRENTE/src/View/Cad_Agencias.java</file>
            <file>file:/C:/Users/Alunos/Documents/fatecvotorantim/03%20-%20Semestre/03%20-%20TPII/MOV_CONTA_CORRENTE/src/View/Cad_Clientes.java</file>
        </group>
    </open-files>
</project-private>
